readings,temperature
1,98.39999999999999
2,98.5
3,98
4,99.1
5,98.5
6,99.19999999999999
7,98.6
8,97.6
9,98.39999999999999
10,98.69999999999999
